Trait,n_SNPs_tested,bonferroni_threshold,n_significant,lambda_GC,top_SNP_rs,top_SNP_chr,top_SNP_pos,top_SNP_pval,top_SNP_beta
PC1,777872,6.427792747392887e-08,27,1.0566,5:7634212,5,7634212,5.473009e-09,-1.35246
PC2,777872,6.427792747392887e-08,0,0.9988,1:24350279,1,24350279,3.94573e-06,-0.8393536
PC3,777872,6.427792747392887e-08,0,0.998,1:25956744,1,25956744,1.133587e-07,0.8373734
PC4,777872,6.427792747392887e-08,0,0.9722,2:2297550,2,2297550,2.350361e-06,-1.873488
PC5,777872,6.427792747392887e-08,5,0.9669,5:7720108,5,7720108,4.627269e-10,-0.772689
PC6,777872,6.427792747392887e-08,0,0.9685,2:10304025,2,10304025,3.078146e-06,-0.8629575
PC7,777872,6.427792747392887e-08,0,0.9775,1:12039516,1,12039516,5.394942e-06,-0.8134288
PC8,777872,6.427792747392887e-08,0,1.031,5:3040602,5,3040602,8.374421e-06,-0.4523167
