Trait,chr,rs,ps,n_miss,alpha,beta,pip,eff
PC3,1,1:25956744,25956744,1,9.901618e-05,0.685895,0.19593,1.94002401474e-05
PC3,5,5:4832836,4832836,12,-5.385462e-05,-0.7214899,0.05487,-2.9550029994e-06
PC3,4,4:17607499,17607499,3,7.409453e-05,0.308123,0.04453,3.2994294208999997e-06
PC3,2,2:16630799,16630799,4,1.364381e-05,0.04683376,0.04276,5.834093156e-07
PC3,2,2:17534036,17534036,8,-7.261593e-05,-0.303383,0.04087,-2.9678130591e-06
PC3,5,5:13972067,13972067,14,-4.742144e-05,-0.1300746,0.03723,-1.7655002112e-06
PC3,5,5:3056523,3056523,13,3.443664e-05,0.1842401,0.03679,1.2669239856e-06
PC3,2,2:2439589,2439589,14,-7.252637e-05,-0.4953436,0.03616,-2.6225535392e-06
PC3,4,4:1888200,1888200,4,6.425183e-05,0.2116901,0.03573,2.2957178859e-06
PC3,4,4:17280802,17280802,11,-7.300687e-05,-0.4122561,0.03467,-2.5311481829000003e-06
PC3,4,4:4749308,4749308,12,5.482045e-05,0.2320054,0.03452,1.8924019340000001e-06
PC3,4,4:1151534,1151534,10,-5.902836e-05,-0.1241319,0.03209,-1.8942200724e-06
PC3,5,5:16881439,16881439,11,1.0993e-05,0.05033967,0.03204,3.5221572e-07
PC3,1,1:19852129,19852129,2,4.024379e-05,0.1226355,0.03189,1.2833744631000002e-06
PC3,3,3:8816011,8816011,4,-9.956463e-05,-0.6026001,0.03105,-3.0914817615000003e-06
PC3,3,3:10726941,10726941,12,-7.324693e-05,-0.3218822,0.03093,-2.2655275448999997e-06
PC3,5,5:14919922,14919922,12,-5.845072e-05,-0.4166979,0.03092,-1.8072962624e-06
PC3,2,2:7521622,7521622,3,5.637599e-05,0.304339,0.03027,1.7065012173e-06
PC3,5,5:24443259,24443259,13,-5.874321e-05,-0.2222402,0.03023,-1.7758072383e-06
PC3,5,5:18646282,18646282,4,-2.715048e-05,-0.05720007,0.03019,-8.196729912e-07
