Trait,chr,rs,ps,n_miss,alpha,beta,pip,eff
PC1,1,1:27093554,27093554,13,7.085889e-05,1.304735,0.17382,1.23166922598e-05
PC1,1,1:11700409,11700409,3,4.897954e-05,2.271582,0.15992,7.8328080368e-06
PC1,3,3:18456574,18456574,6,-8.520963e-05,-1.062177,0.11732,-9.996793791599999e-06
PC1,1,1:5609258,5609258,11,9.598552e-05,1.718053,0.10835,1.0400031092000001e-05
PC1,1,1:8254333,8254333,4,0.0001052768,0.6010804,0.08098,8.525315263999999e-06
PC1,4,4:15903316,15903316,8,0.0001053121,0.8620747,0.07642,8.047950682e-06
PC1,4,4:2709404,2709404,6,0.0001099103,1.006202,0.07328,8.054226784e-06
PC1,4,4:12588405,12588405,4,7.628686e-05,0.6774299,0.06235,4.756485721e-06
PC1,3,3:18436158,18436158,7,-8.658875e-05,-1.117594,0.05981,-5.1788731375e-06
PC1,4,4:10367147,10367147,14,5.745242e-05,1.975557,0.05756,3.3069612952e-06
PC1,3,3:18442070,18442070,7,-8.285418e-05,-1.04471,0.05537,-4.5876359466000005e-06
PC1,5,5:8940319,8940319,5,9.196313e-05,0.6866327,0.0549,5.048775836999999e-06
PC1,5,5:7659268,7659268,10,6.267131e-05,1.028918,0.05483,3.4362679273000003e-06
PC1,5,5:7705991,7705991,3,-5.449071e-05,-1.249306,0.05233,-2.8514988543e-06
PC1,1,1:6472041,6472041,6,0.0001393121,0.8721662,0.04398,6.126946158e-06
PC1,5,5:7658344,7658344,11,6.314536e-05,1.209702,0.04344,2.7430344384000003e-06
PC1,4,4:1206973,1206973,14,5.444248e-05,0.8070351,0.04285,2.332860268e-06
PC1,5,5:7615316,7615316,4,-4.31345e-05,-1.134913,0.04191,-1.807766895e-06
PC1,5,5:7658287,7658287,7,5.507911e-05,1.120408,0.04076,2.2450245236e-06
PC1,3,3:18456963,18456963,7,-9.023058e-05,-1.112163,0.03964,-3.5767401912e-06
